{
    "os": "Linux-5.15.0-113-generic-x86_64-with-glibc2.17",
    "python": "3.8.19",
    "heartbeatAt": "2024-08-14T03:01:33.491658",
    "startedAt": "2024-08-14T03:01:33.356954",
    "docker": null,
    "cuda": null,
    "args": [
        "--task=humanoid_ppo",
        "--run_name",
        "v1",
        "--headless",
        "--num_envs",
        "4096"
    ],
    "state": "running",
    "program": "scripts/train.py",
    "codePathLocal": "scripts/train.py",
    "codePath": "scripts/train.py",
    "host": "alexhuge-computer",
    "username": "ljc",
    "executable": "/home/ljc/.conda/envs/alexbotmini/bin/python",
    "cpu_count": 12,
    "cpu_count_logical": 24,
    "cpu_freq": {
        "current": 2554.0375833333333,
        "min": 2200.0,
        "max": 3700.0
    },
    "cpu_freq_per_core": [
        {
            "current": 2200.0,
            "min": 2200.0,
            "max": 3700.0
        },
        {
            "current": 2200.0,
            "min": 2200.0,
            "max": 3700.0
        },
        {
            "current": 2200.0,
            "min": 2200.0,
            "max": 3700.0
        },
        {
            "current": 2200.0,
            "min": 2200.0,
            "max": 3700.0
        },
        {
            "current": 3700.0,
            "min": 2200.0,
            "max": 3700.0
        },
        {
            "current": 3700.0,
            "min": 2200.0,
            "max": 3700.0
        },
        {
            "current": 2200.0,
            "min": 2200.0,
            "max": 3700.0
        },
        {
            "current": 2200.0,
            "min": 2200.0,
            "max": 3700.0
        },
        {
            "current": 2200.0,
            "min": 2200.0,
            "max": 3700.0
        },
        {
            "current": 2200.0,
            "min": 2200.0,
            "max": 3700.0
        },
        {
            "current": 2200.0,
            "min": 2200.0,
            "max": 3700.0
        },
        {
            "current": 2200.0,
            "min": 2200.0,
            "max": 3700.0
        },
        {
            "current": 2200.0,
            "min": 2200.0,
            "max": 3700.0
        },
        {
            "current": 2200.0,
            "min": 2200.0,
            "max": 3700.0
        },
        {
            "current": 2200.0,
            "min": 2200.0,
            "max": 3700.0
        },
        {
            "current": 2200.0,
            "min": 2200.0,
            "max": 3700.0
        },
        {
            "current": 2200.0,
            "min": 2200.0,
            "max": 3700.0
        },
        {
            "current": 2200.0,
            "min": 2200.0,
            "max": 3700.0
        },
        {
            "current": 2200.0,
            "min": 2200.0,
            "max": 3700.0
        },
        {
            "current": 2200.0,
            "min": 2200.0,
            "max": 3700.0
        },
        {
            "current": 2200.0,
            "min": 2200.0,
            "max": 3700.0
        },
        {
            "current": 2200.0,
            "min": 2200.0,
            "max": 3700.0
        },
        {
            "current": 2653.046,
            "min": 2200.0,
            "max": 3700.0
        },
        {
            "current": 2200.0,
            "min": 2200.0,
            "max": 3700.0
        }
    ],
    "disk": {
        "/": {
            "total": 1845.0873756408691,
            "used": 293.0108184814453
        }
    },
    "gpu": "NVIDIA GeForce RTX 4090 D",
    "gpu_count": 1,
    "gpu_devices": [
        {
            "name": "NVIDIA GeForce RTX 4090 D",
            "memory_total": 25757220864
        }
    ],
    "memory": {
        "total": 31.259197235107422
    }
}
